{
  "type": "minecraft:gift",
  "pools": [
    {
      "bonus_rolls": 0.0,
      "entries": [
        {
          "type": "minecraft:item",
          "name": "minecraft:torchflower_seeds",
		  "weight": 45
        },
        {
          "type": "minecraft:item",
          "name": "minecraft:pitcher_pod",
		  "weight": 35
        },
		{
          "type": "minecraft:item",
          "name": "minecraft:diamond",
		  "weight": 15
        },
        {
          "type": "minecraft:item",
          "functions": [
            {
              "function": "minecraft:enchant_randomly",
              "options": "minecraft:sparkles"
            }
          ],
          "name": "minecraft:book",
          "weight": 5
        },
      ],
      "rolls": 3.0
    }
  ],
  "random_sequence": "minecraft:gameplay/sniffer_digging"
}