{
    "anvil_cost": 4,
    "description": {
      "text": "Claw"
    },
    "effects": {
      "minecraft:attributes": [
        {
          "amount": {
            "type": "minecraft:linear",
            "base": 2,
            "per_level_above_first": 2
          },
          "attribute": "minecraft:player.block_interaction_range",
          "id": "example:enchantment.claw",
          "operation": "add_value"
        }
      ]
    },
    "max_cost": {
      "base": 40,
      "per_level_above_first": 10
    },
    "max_level": 5,
    "min_cost": {
      "base": 10,
      "per_level_above_first": 10
    },
    "slots": [
      "mainhand"
    ],
    "supported_items": "#minecraft:enchantable/vanishing",
    "weight": 2
  }