{
  "type": "minecraft:entity",
  "pools": [
    {
      "bonus_rolls": 0.0,
      "entries": [
        {
          "type": "minecraft:item",
          "name": "minecraft:sculk_catalyst",
		  "weight": 90
        },
        {
          "type": "minecraft:item",
          "name": "minecraft:silence_armor_trim_smithing_template",
		  "weight": 5
        },
        {
          "type": "minecraft:item",
          "functions": [
            {
              "function": "minecraft:enchant_randomly",
              "options": "minecraft:galaxy_brain"
            }
          ],
          "name": "minecraft:book",
          "weight": 5
        }
      ],
      "rolls": 1.0
    },
	{
      "bonus_rolls": 0.0,
      "entries": [
        {
          "type": "minecraft:item",
          "name": "minecraft:potion"
        }
      ],
      "functions": [
        {
          "function": "minecraft:set_potion",
          "id": "minecraft:healing"
        }
      ],
      "rolls": {
        "type": "minecraft:uniform",
        "max": 2.0,
        "min": 1.0
      }
    }
  ],
  "random_sequence": "minecraft:entities/warden"
}