{
  "type": "minecraft:smelting",
  "category": "misc",
  "cookingtime": 200,
  "experience": 500,
  "ingredient": [
    {
      "item": "minecraft:diamond_pickaxe"
    },
    {
      "item": "minecraft:diamond_shovel"
    },
    {
      "item": "minecraft:diamond_axe"
    },
    {
      "item": "minecraft:diamond_hoe"
    },
    {
      "item": "minecraft:diamond_sword"
    },
    {
      "item": "minecraft:diamond_helmet"
    },
    {
      "item": "minecraft:diamond_chestplate"
    },
    {
      "item": "minecraft:diamond_leggings"
    },
    {
      "item": "minecraft:diamond_boots"
    },
    {
      "item": "minecraft:emerald"
    }
  ],
  "result": {
    "id": "minecraft:diamond"
  }
}