{
  "type": "minecraft:smelting",
  "category": "misc",
  "cookingtime": 200,
  "experience": 5,
  "ingredient": [
    {
      "item": "minecraft:iron_pickaxe"
    },
    {
      "item": "minecraft:iron_shovel"
    },
    {
      "item": "minecraft:iron_axe"
    },
    {
      "item": "minecraft:iron_hoe"
    },
    {
      "item": "minecraft:iron_sword"
    },
    {
      "item": "minecraft:iron_helmet"
    },
    {
      "item": "minecraft:iron_chestplate"
    },
    {
      "item": "minecraft:iron_leggings"
    },
    {
      "item": "minecraft:iron_boots"
    }
  ],
  "result": {
	"count": 3,
    "id": "minecraft:iron_ingot"
  }
}